size set 1,size set 2,execution time (s)
50,50,2.724760055541992
100,100,2.7670867443084717
150,150,3.1778759956359863
200,200,4.251028060913086
250,250,4.484825134277344
300,300,5.064546823501587
350,350,6.005185127258301
400,400,6.675647974014282
450,450,8.158300161361694
500,500,9.899688959121704
550,550,11.776095867156982
600,600,21.683282136917114
650,650,26.079952716827393
700,700,21.65829610824585
750,750,19.618257999420166
800,800,21.968334913253784
